Alice,Bob,89.57
Bob,Alice,34.8
Bob,Carol,183.51999999999998
Carol,Alice,107.24000000000001
Carol,Bob,141.34